gen,n,shape,raw,comp,ratio,slack,growth_3_8,alphabet,lines,distinct_lines,space_share,run_share,max_run,repeat_count,repeat_wasted,repeat_block,seconds
a_painter_ant,3,dense,400,130,3.08,270,,16,1,1,0.003,0.42,8,35,136,eeee,0.0
a_painter_ant,3,parity,268,123,2.18,145,,16,1,1,0.015,0.358,8,20,76,eeee,0.0
a_painter_ant,8,dense,140276,1695,82.76,138581,350.7,21,1,1,0.001,0.964,256,17157,2195968,ssssssssssssssssssssssssssssssssssssssssssssssssssssssssssssssss,0.004
a_painter_ant,8,parity,135016,1661,81.29,133355,503.8,21,1,1,0.001,0.963,256,16512,2113408,ssssssssssssssssssssssssssssssssssssssssssssssssssssssssssssssss,0.004
addsubjump,3,dense,515,172,2.99,343,,12,1,1,0.285,0.0,2,29,112, -7 ,0.001
addsubjump,3,parity,872,255,3.42,617,,12,1,1,0.279,0.0,3,49,192, -7 ,0.001
addsubjump,8,dense,18993,4183,4.54,14810,36.9,12,1,1,0.229,0.0,3,1247,4984, 362,0.005
addsubjump,8,parity,27579,5939,4.64,21640,31.6,12,1,1,0.228,0.0,4,1815,7256, 524,0.004
algebraic_programming_language,3,dense,146,56,2.61,90,,17,5,5,0.301,0.0,2,14,52, & !,0.0
algebraic_programming_language,3,parity,90,53,1.7,37,,17,5,5,0.289,0.0,2,8,28, & !,0.0
algebraic_programming_language,8,dense,6133,395,15.53,5738,42.0,22,5,5,0.347,0.0,2,931,3720, & !,0.002
algebraic_programming_language,8,parity,5904,401,14.72,5503,65.6,22,5,5,0.347,0.0,2,896,3580, & !,0.002
alight,3,dense,121,78,1.55,43,,30,1,1,0.132,0.05,6,3,16,;inp a;s,0.0
alight,3,parity,121,82,1.48,39,,30,1,1,0.132,0.0,2,3,16,;inp a;s,0.0
alight,8,dense,474,150,3.16,324,3.9,30,1,1,0.065,0.141,9,5,256,a-48;inp a;set i i*2+a-48;inp a;set i i*2+a-48;inp a;set i i*2+a,0.0
alight,8,parity,474,104,4.56,370,3.9,30,1,1,0.065,0.0,2,5,256,a-48;inp a;set i i*2+a-48;inp a;set i i*2+a-48;inp a;set i i*2+a,0.0
arrowqueue,3,dense,202,84,2.4,118,,11,35,22,0.446,0.332,9,30,116,    ,0.0
arrowqueue,3,parity,273,90,3.03,183,,11,44,20,0.52,0.396,9,53,208,    ,0.0
arrowqueue,8,dense,12327,447,27.58,11880,61.0,16,616,75,0.816,0.754,24,5639,45104,        ,0.005
arrowqueue,8,parity,16671,314,53.09,16357,61.1,16,808,45,0.826,0.766,24,7965,63712,        ,0.006
back,3,dense,71,48,1.48,23,,15,13,9,0.169,0.155,7,5,16,    ,0.0
back,3,parity,118,62,1.9,56,,15,13,12,0.314,0.305,7,18,68,    ,0.0
back,8,dense,4700,335,14.03,4365,66.2,20,175,61,0.692,0.692,23,2044,16344,        ,0.002
back,8,parity,7063,246,28.71,6817,59.9,20,256,43,0.719,0.719,23,3302,26408,        ,0.002
basicfuck,3,dense,378,174,2.17,204,,41,28,24,0.32,0.127,6,18,68,    ,0.0
basicfuck,3,parity,702,182,3.86,520,,41,52,20,0.395,0.228,6,64,252,    ,0.0
basicfuck,8,dense,22550,604,37.33,21946,59.7,43,1064,53,0.665,0.585,16,6026,48200,        ,0.002
basicfuck,8,parity,34058,572,59.54,33486,48.5,43,1550,45,0.679,0.601,16,9920,79352,        ,0.002
between,3,dense,156,90,1.73,66,,21,20,15,0.0,0.0,0,3,16,"]=|0|)
|",0.0
between,3,parity,256,108,2.37,148,,25,32,19,0.0,0.0,0,7,48,"]=|0|)
|",0.0
between,8,dense,4701,753,6.24,3948,30.1,26,548,201,0.0,0.0,3,174,1384,"]=|0|)
|",0.003
between,8,parity,6807,943,7.22,5864,26.6,26,791,282,0.0,0.0,3,255,2032,"]=|0|)
|",0.002
bf_tree,3,dense,269,56,4.8,213,,8,1,1,0.0,0.77,48,51,1600,--------------------------------,0.0
bf_tree,3,parity,330,64,5.16,266,,8,1,1,0.0,0.609,48,51,1600,--------------------------------,0.0
bf_tree,8,dense,3759,267,14.08,3492,14.0,8,1,1,0.0,0.144,48,136,4320,--------------------------------,0.002
bf_tree,8,parity,4945,149,33.19,4796,15.0,8,1,1,0.0,0.093,48,136,4320,--------------------------------,0.002
bfpda,3,dense,72,46,1.57,26,,12,1,1,0.0,0.125,5,6,20,><]>,0.0
bfpda,3,parity,123,53,2.32,70,,12,1,1,0.0,0.0,2,14,52,><]>,0.0
bfpda,8,dense,2837,276,10.28,2561,39.4,17,1,1,0.0,0.049,6,366,1460,><]>,0.0
bfpda,8,parity,3749,135,27.77,3614,30.5,17,1,1,0.0,0.0,2,510,2036,><]>,0.001
bfstack,3,dense,233,40,5.83,193,,8,1,1,0.0,0.841,48,51,1600,--------------------------------,0.0
bfstack,3,parity,244,45,5.42,199,,8,1,1,0.0,0.828,48,51,1600,--------------------------------,0.0
bfstack,8,dense,1249,126,9.91,1123,5.4,8,1,1,0.0,0.717,128,148,4704,++++++++++++++++++++++++++++++++,0.0
bfstack,8,parity,1259,82,15.35,1177,5.2,8,1,1,0.0,0.647,130,148,4704,++++++++++++++++++++++++++++++++,0.0
bio,3,dense,293,50,5.86,243,,12,1,1,0.01,0.0,0,33,2048,;0oy;0oy;0oy;0oy;0oy;0oy;0oy;0oy;0oy;0oy;0oy;0oy;0oy;0oy;0oy;0oy,0.0
bio,3,parity,301,57,5.28,244,,12,1,1,0.01,0.0,0,33,2048,;0oy;0oy;0oy;0oy;0oy;0oy;0oy;0oy;0oy;0oy;0oy;0oy;0oy;0oy;0oy;0oy,0.0
bio,8,dense,3306,177,18.68,3129,11.3,17,1,1,0.002,0.0,0,192,24448,;};};};};};};};};};};};};};};};};};};};};};};};};};};};};};};};},0.0
bio,8,parity,3466,111,31.23,3355,11.5,17,1,1,0.002,0.0,0,192,24448,;};};};};};};};};};};};};};};};};};};};};};};};};};};};};};};};},0.0
bit_tilde,3,dense,308,77,4.0,231,,8,1,1,0.01,0.766,25,61,480,<<<<<<<<,0.0
bit_tilde,3,parity,778,103,7.55,675,,8,1,1,0.015,0.726,50,84,1328,<<<<<<<<<<<<<<<<,0.0
bit_tilde,8,dense,507740,2851,178.09,504889,1648.5,8,1,1,0.001,0.97,2025,124027,15875328,<<<<<<<<<<<<<<<<<<<<<<<<<<<<<<<<<<<<<<<<<<<<<<<<<<<<<<<<<<<<<<<<,0.025
bit_tilde,8,parity,547611,2973,184.19,544638,703.9,8,1,1,0.001,0.971,2114,138617,17742848,<<<<<<<<<<<<<<<<<<<<<<<<<<<<<<<<<<<<<<<<<<<<<<<<<<<<<<<<<<<<<<<<,0.029
bitdeque,3,dense,194,71,2.73,123,,23,1,1,0.222,0.0,2,12,88, POP POP,0.0
bitdeque,3,parity,386,86,4.49,300,,25,1,1,0.225,0.0,0,24,184, POP POP,0.0
bitdeque,8,dense,12956,786,16.48,12170,66.8,28,1,1,0.221,0.0,4,1050,16784, POP POP POP POP,0.002
bitdeque,8,parity,18637,974,19.13,17663,48.3,28,1,1,0.22,0.0,3,1536,24560, POP POP POP POP,0.002
brainfuck,3,dense,269,56,4.8,213,,8,1,1,0.0,0.77,48,51,1600,--------------------------------,0.0
brainfuck,3,parity,330,64,5.16,266,,8,1,1,0.0,0.609,48,51,1600,--------------------------------,0.0
brainfuck,8,dense,3759,267,14.08,3492,14.0,8,1,1,0.0,0.144,48,136,4320,--------------------------------,0.002
brainfuck,8,parity,4945,149,33.19,4796,15.0,8,1,1,0.0,0.093,48,136,4320,--------------------------------,0.002
brainif,3,dense,1335,223,5.99,1112,,27,89,65,0.154,0.0,2,51,400, increme,0.0
brainif,3,parity,1636,246,6.65,1390,,27,109,73,0.161,0.0,2,107,424,"
if ",0.0
brainif,8,dense,24229,1473,16.45,22756,18.1,27,1608,417,0.183,0.0,3,120,7616,"t
if 48 goto 1606
if 49 goto 1606
if 49 move left
if 0 input
if ",0.001
brainif,8,parity,30016,1839,16.32,28177,18.3,27,1974,569,0.183,0.0,4,511,8160," goto 1972
if 49",0.001
circlefuck,3,dense,375,38,9.87,337,,9,1,1,0.0,0.904,49,71,2240,++++++++++++++++++++++++++++++++,0.0
circlefuck,3,parity,594,44,13.5,550,,9,1,1,0.0,0.896,49,140,4448,++++++++++++++++++++++++++++++++,0.0
circlefuck,8,dense,10964,242,45.31,10722,29.2,9,1,1,0.0,0.849,49,3222,103072,++++++++++++++++++++++++++++++++,0.004
circlefuck,8,parity,14856,171,86.88,14685,25.0,9,1,1,0.0,0.862,49,4480,143328,++++++++++++++++++++++++++++++++,0.004
circlefuck_byte,3,bytes,1017,56,18.16,961,,9,1,1,0.0,0.939,240,422,26944,++++++++++++++++++++++++++++++++++++++++++++++++++++++++++++++++,0.001
circlefuck_byte,8,bytes,34899,686,50.87,34213,34.3,9,1,1,0.0,0.941,255,18249,1167872,++++++++++++++++++++++++++++++++++++++++++++++++++++++++++++++++,0.006
circuit_diagram,3,dense,418,102,4.1,316,,9,24,19,0.641,0.644,28,106,840,        ,0.0
circuit_diagram,3,parity,2148,246,8.73,1902,,10,61,55,0.671,0.705,52,325,5184,                ,0.0
circuit_diagram,8,dense,609526,15535,39.24,593991,1458.2,10,3982,3965,0.786,0.795,176,118113,1889792,                ,0.05
circuit_diagram,8,parity,632616,15797,40.05,616819,294.5,10,4139,4123,0.786,0.795,170,122870,1965904,                ,0.049
clockwise,3,dense,343,90,3.81,253,,9,35,18,0.536,0.152,7,4,96,"
  .     .
  .     .
  .     .
 ",0.0
clockwise,3,parity,621,111,5.59,510,,9,35,18,0.614,0.288,9,91,360,    ,0.0
clockwise,8,dense,28767,1004,28.65,27763,83.9,9,80,38,0.807,0.636,353,3201,204800,                                                                ,0.003
clockwise,8,parity,40863,466,87.69,40397,65.8,9,80,38,0.829,0.662,505,6036,386240,                                                                ,0.004
cod,3,dense,1504,163,9.23,1341,,15,17,17,0.527,0.724,87,288,9184,                                ,0.0
cod,3,parity,1504,171,8.8,1333,,15,17,17,0.529,0.724,87,288,9184,                                ,0.0
cod,8,dense,3458156,7696,449.34,3450460,2299.3,20,513,513,0.895,0.923,6740,879127,112528128,                                                                ,0.004
cod,8,parity,3458156,7760,445.64,3450396,2299.3,20,513,513,0.895,0.923,6740,879127,112528128,                                                                ,0.004
collatz_multiverse,3,dense,1023,200,5.12,823,,38,29,29,0.198,0.0,2,22,336, = negativeOne x,0.002
collatz_multiverse,3,parity,2419,349,6.93,2070,,39,68,68,0.197,0.0,2,52,816, = negativeOne x,0.0
collatz_multiverse,8,dense,140909,15507,9.09,125402,137.7,39,3710,3710,0.184,0.0,4,2722,43536, = negativeOne x,0.001
collatz_multiverse,8,parity,146856,16140,9.1,130716,60.7,39,3863,3863,0.184,0.0,4,2835,45344, = negativeOne x,0.001
container,3,dense,648,212,3.06,436,,33,78,49,0.088,0.0,0,32,124, T>=,0.0
container,3,parity,684,219,3.12,465,,33,81,52,0.088,0.0,0,32,124, T>=,0.0
container,8,dense,24872,1851,13.44,23021,38.4,34,2522,464,0.09,0.0,3,2173,8688,"
-1 ",0.0
container,8,parity,24941,1862,13.39,23079,36.5,34,2527,469,0.09,0.0,3,2050,8196,"
-1 ",0.0
cvnc,3,dense,489,49,9.98,440,,13,1,1,0.0,0.0,0,68,4288,cicicicicicicicicicicicicicicicicicicicicicicicicicicicicicicici,0.0
cvnc,3,parity,958,52,18.42,906,,11,1,1,0.0,0.0,0,136,8640,cicicicicicicicicicicicicicicicicicicicicicicicicicicicicicicici,0.0
cvnc,8,dense,22158,260,85.22,21898,45.3,13,1,1,0.0,0.0,0,3063,195968,cicicicicicicicicicicicicicicicicicicicicicicicicicicicicicicici,0.002
cvnc,8,parity,30966,294,105.33,30672,32.3,11,1,1,0.0,0.0,0,4352,278464,cicicicicicicicicicicicicicicicicicicicicicicicicicicicicicicici,0.002
decleq,3,dense,1804,331,5.45,1473,,12,1,1,0.26,0.0,3,97,384, 465,0.0
decleq,3,parity,1920,353,5.44,1567,,12,1,1,0.263,0.0,3,103,408, 503,0.0
decleq,8,dense,11501,1570,7.33,9931,6.4,12,1,1,0.242,0.0,3,1381,5520, 277,0.001
decleq,8,parity,14085,1830,7.7,12255,7.3,12,1,1,0.246,0.0,3,920,3676, 345,0.001
dig,3,dense,119,49,2.43,70,,15,15,8,0.496,0.529,15,41,160,    ,0.0
dig,3,parity,274,45,6.09,229,,13,15,6,0.617,0.617,15,75,592,        ,0.0
dig,8,dense,14663,310,47.3,14353,123.2,16,511,17,0.814,0.817,40,6600,105584,                ,0.002
dig,8,parity,21506,231,93.1,21275,78.5,13,511,11,0.834,0.834,40,10319,165088,                ,0.002
dimensional,3,dense,315,61,5.16,254,,9,1,1,0.0,0.61,48,51,1600,--------------------------------,0.0
dimensional,3,parity,404,71,5.69,333,,9,1,1,0.0,0.475,48,51,1600,--------------------------------,0.0
dimensional,8,dense,5555,293,18.96,5262,17.6,9,1,1,0.0,0.078,48,136,4320,--------------------------------,0.002
dimensional,8,parity,7281,174,41.84,7107,18.0,9,1,1,0.0,0.059,48,136,4320,--------------------------------,0.002
dimensional_tree,3,dense,315,61,5.16,254,,9,1,1,0.0,0.61,48,51,1600,--------------------------------,0.0
dimensional_tree,3,parity,404,71,5.69,333,,9,1,1,0.0,0.475,48,51,1600,--------------------------------,0.001
dimensional_tree,8,dense,5555,293,18.96,5262,17.6,9,1,1,0.0,0.078,48,136,4320,--------------------------------,0.002
dimensional_tree,8,parity,7281,174,41.84,7107,18.0,9,1,1,0.0,0.059,48,136,4320,--------------------------------,0.002
dinac,3,dense,183,83,2.2,100,,19,16,16,0.432,0.328,12,36,140,    ,0.0
dinac,3,parity,391,94,4.16,297,,19,28,14,0.54,0.45,12,116,460,    ,0.0
dinac,8,dense,17336,418,41.47,16918,94.7,24,539,39,0.803,0.761,32,5533,88512,                ,0.002
dinac,8,parity,26495,408,64.94,26087,67.8,24,782,34,0.813,0.774,32,9184,146928,                ,0.002
eval,3,dense,80,50,1.6,30,,15,1,1,0.0,0.338,10,12,44,"""""""""",0.322
eval,3,parity,127,51,2.49,76,,15,1,1,0.0,0.173,7,6,40,";!""""~=~?",0.0
eval,8,dense,20445,604,33.85,19841,255.6,20,1,1,0.0,0.903,255,8986,575040,;;;;;;;;;;;;;;;;;;;;;;;;;;;;;;;;;;;;;;;;;;;;;;;;;;;;;;;;;;;;;;;;,0.137
eval,8,parity,35611,633,56.26,34978,280.4,20,1,1,0.0,0.916,255,18528,1185728,;;;;;;;;;;;;;;;;;;;;;;;;;;;;;;;;;;;;;;;;;;;;;;;;;;;;;;;;;;;;;;;;,0.106
factor,3,dense,699,358,1.95,341,,10,1,1,0.0,0.006,4,2,4,7551,0.24
factor,3,parity,939,475,1.98,464,,10,1,1,0.0,0.004,4,3,8,1711,0.001
factor,8,dense,17613,8892,1.98,8721,25.2,10,1,1,0.0,0.004,6,9,32,8511,0.035
factor,8,parity,24113,12083,2.0,12030,25.7,10,1,1,0.0,0.004,5,11,40,2278,0.052
fargo,3,dense,58,33,1.76,25,,9,3,3,0.448,0.0,0,4,12, @ 0,0.0
fargo,3,parity,23,25,0.92,-2,,8,3,3,0.391,0.0,0,2,4, @ 1,0.0
fargo,8,dense,3725,408,9.13,3317,64.2,9,3,3,0.413,0.0,3,68,8576, ^ ^ ^ ^ ^ ^ ^ ^ ^ ^ ^ ^ ^ ^ ^ ^ ^ ^ ^ ^ ^ ^ ^ ^ ^ ^ ^ ^ ^ ^ ^ ^,0.0
fargo,8,parity,62,36,1.72,26,2.7,8,3,3,0.387,0.0,3,7,24, @ 1,0.0
flowchart,3,dense,434,114,3.81,320,,16,19,14,0.541,0.429,12,93,368,    ,0.0
flowchart,3,parity,800,130,6.15,670,,16,19,14,0.545,0.465,19,212,844,    ,0.0
flowchart,8,dense,39873,1120,35.6,38753,91.9,16,39,29,0.629,0.645,461,3736,478080,                                                                ,0.004
flowchart,8,parity,56633,523,108.28,56110,70.8,16,39,29,0.633,0.656,639,7142,914048,                                                                ,0.003
forbin,3,dense,394,150,2.63,244,,31,19,14,0.178,0.061,4,4,48,"  out 0,0,1,1,0,",0.0
forbin,3,parity,694,179,3.88,515,,31,35,22,0.251,0.161,8,46,180,    ,0.0
forbin,8,dense,15737,707,22.26,15030,39.9,31,708,78,0.432,0.383,18,3982,15924,    ,0.002
forbin,8,parity,23186,611,37.95,22575,33.4,31,1032,72,0.443,0.396,18,6168,24668,    ,0.002
forth,3,dense,63,48,1.31,15,,18,1,1,0.0,0.0,0,4,12,{3F*,0.0
forth,3,parity,119,75,1.59,44,,23,1,1,0.0,0.0,0,8,28,{3F*,0.0
forth,8,dense,5358,1278,4.19,4080,85.0,25,1,1,0.0,0.0,2,184,732,+{3F,0.019
forth,8,parity,8308,1708,4.86,6600,69.8,24,1,1,0.0,0.0,2,264,1052,+{3F,0.008
function_x_y,3,dense,116,80,1.45,36,,32,5,5,0.138,0.0,3,3,16," == ""1"")",0.0
function_x_y,3,parity,188,99,1.9,89,,32,5,5,0.149,0.0,3,7,48," == ""1"")",0.0
function_x_y,8,dense,3254,342,9.51,2912,28.1,37,10,10,0.166,0.015,7,174,1384," == ""1"")",0.002
function_x_y,8,parity,4712,222,21.23,4490,25.1,37,10,10,0.166,0.017,8,255,2032," == ""1"")",0.002
grapheme,3,dense,95,55,1.73,40,,13,1,1,0.0,0.0,2,4,24,FAFFAFRF,0.0
grapheme,3,parity,192,78,2.46,114,,14,1,1,0.0,0.0,2,10,72,FAFFAFRF,0.0
grapheme,8,dense,9943,525,18.94,9418,104.7,14,1,1,0.0,0.0,3,615,4912,FAFFAFRF,0.001
grapheme,8,parity,10347,572,18.09,9775,53.9,15,1,1,0.0,0.0,3,640,5112,FAFFAFRF,0.001
home_row,3,dense,216,68,3.18,148,,12,1,1,0.0,0.269,8,5,128,afffflsfsfflflfak;lffafffflsfsff,0.0
home_row,3,parity,213,70,3.04,143,,12,1,1,0.0,0.272,8,6,80,k;lffafffflsfsff,0.0
home_row,8,dense,5610,197,28.48,5413,26.0,17,1,1,0.0,0.235,128,132,4192,k;lffafffflsfsfflflfak;lffaffffl,0.0
home_row,8,parity,5605,154,36.4,5451,26.3,17,1,1,0.0,0.235,128,131,4160,aaaaaaaaaaaaaaaaaaaaaaaaaaaaaaaa,0.0
inject,3,dense,246,119,2.07,127,,22,40,23,0.053,0.0,0,3,32,";
send one
skip
",0.0
inject,3,parity,441,155,2.85,286,,26,68,31,0.057,0.0,0,15,56,"
ski",0.0
inject,8,dense,9586,1860,5.15,7726,39.0,28,1252,380,0.055,0.0,3,349,1392,"
ski",0.002
inject,8,parity,14163,2609,5.43,11554,32.1,28,1819,542,0.055,0.0,3,511,2040,"
ski",0.002
interprogck8,3,dense,993,129,7.7,864,,18,213,9,0.0,0.0,2,25,384,"
@id
@id
@id
@id",0.0
interprogck8,3,parity,2625,184,14.27,2441,,18,583,9,0.0,0.0,2,91,1440,"
@id
@id
@id
@id",0.001
interprogck8,8,dense,88306,2798,31.56,85508,88.9,18,19837,9,0.0,0.0,2,1672,53472,"
@id
@id
@id
@id
@id
@id
@id
@id",0.082
interprogck8,8,parity,124329,2556,48.64,121773,47.4,18,27761,9,0.0,0.0,2,4265,68224,"
@id
@id
@id
@id",0.063
jaune,3,dense,41,39,1.05,2,,12,1,1,0.0,0.0,0,4,12,^+2?,0.0
jaune,3,parity,80,62,1.29,18,,17,1,1,0.0,0.0,0,8,28,^+2?,0.0
jaune,8,dense,2252,840,2.68,1412,54.9,19,1,1,0.0,0.004,8,180,716,^+2?,0.002
jaune,8,parity,3265,1154,2.83,2111,40.8,19,1,1,0.0,0.002,8,256,1020,^+2?,0.002
jaune_multiply,0,fixed,101,80,1.26,21,,18,1,1,0.0,0.257,9,12,44,&&&&,0.0
lamfunc,3,dense,72,51,1.41,21,,12,1,1,0.347,0.0,0,3,8,vs v,0.0
lamfunc,3,parity,120,61,1.97,59,,12,1,1,0.375,0.0,0,7,24, i v,0.0
lamfunc,8,dense,2179,245,8.89,1934,30.3,17,1,1,0.411,0.0,0,174,692, i v,0.001
lamfunc,8,parity,3151,147,21.44,3004,26.3,17,1,1,0.413,0.0,0,255,1016, i v,0.001
laserfuck,3,dense,268,88,3.05,180,,19,4,4,0.578,0.623,52,40,1248,                                ,0.002
laserfuck,3,parity,547,109,5.02,438,,19,8,8,0.691,0.713,57,139,4416,                                ,0.002
laserfuck,8,dense,22993,889,25.86,22104,85.8,19,180,180,0.777,0.778,107,6548,419008,                                                                ,0.002
laserfuck,8,parity,32895,1078,30.51,31817,60.1,19,256,256,0.784,0.784,107,9671,618880,                                                                ,0.002
minifuck,3,dense,216,46,4.7,170,,10,1,1,0.0,0.343,27,27,416,[x[x[x[x[x[x[x[x,0.021
minifuck,3,parity,250,50,5.0,200,,10,1,1,0.0,0.404,33,35,544,<<<<<<<<<<<<<<<<,0.001
minifuck,8,dense,50653,474,106.86,50179,234.5,15,1,1,0.0,0.322,854,9583,1226496,[x[x[x[x[x[x[x[x[x[x[x[x[x[x[x[x[x[x[x[x[x[x[x[x[x[x[x[x[x[x[x[x,1.861
minifuck,8,parity,54341,512,106.13,53829,217.4,15,1,1,0.0,0.323,854,9751,1248000,[x[x[x[x[x[x[x[x[x[x[x[x[x[x[x[x[x[x[x[x[x[x[x[x[x[x[x[x[x[x[x[x,1.96
minsky_swap,3,dense,139,63,2.21,76,,17,2,2,0.396,0.0,2,7,48, 58 58 5,0.0
minsky_swap,3,parity,140,63,2.22,77,,16,2,2,0.393,0.0,0,5,64, 57 57 57 57 57 ,0.0
minsky_swap,8,dense,5242,674,7.78,4568,37.7,18,2,2,0.332,0.0,3,296,37760, 2956 2956 2956 2956 2956 2956 2956 2956 2956 2956 2956 2956 295,0.0
minsky_swap,8,parity,5223,581,8.99,4642,37.3,18,2,2,0.332,0.0,3,295,37632, 2949 2949 2949 2949 2949 2949 2949 2949 2949 2949 2949 2949 294,0.0
modulous,3,dense,242,75,3.23,167,,20,1,1,0.161,0.0,0,11,40, INT,0.0
modulous,3,parity,496,89,5.57,407,,21,1,1,0.167,0.0,0,14,104,][JMP F ,0.0
modulous,8,dense,11726,348,33.7,11378,48.5,26,1,1,0.173,0.0,2,94,2976,][POP][PSH INT 1][PRT INT][END][,0.001
modulous,8,parity,16304,268,60.84,16036,32.9,24,1,1,0.173,0.0,3,510,4072,][JMP F ,0.001
myscript,3,dense,229,96,2.39,133,,21,16,16,0.45,0.349,12,50,196,    ,0.0
myscript,3,parity,517,108,4.79,409,,21,32,14,0.532,0.464,12,162,644,    ,0.0
myscript,8,dense,23519,467,50.36,23052,102.7,26,705,39,0.781,0.758,32,7584,121328,                ,0.001
myscript,8,parity,35947,482,74.58,35465,69.5,26,1029,34,0.792,0.77,32,12560,200944,                ,0.001
nevermind,3,dense,244,103,2.37,141,,24,22,17,0.172,0.131,6,11,40,    ,0.0
nevermind,3,parity,498,113,4.41,385,,24,42,15,0.257,0.225,6,40,156,    ,0.0
nevermind,8,dense,18035,480,37.57,17555,73.9,26,887,40,0.584,0.583,16,4587,36688,        ,0.002
nevermind,8,parity,27301,431,63.34,26870,54.8,26,1292,35,0.601,0.6,16,7616,60920,        ,0.001
nocomment,3,dense,363,97,3.74,266,,14,1,1,0.0,0.689,38,23,352,iiiiiiiiiiiiiiii,0.0
nocomment,3,parity,373,102,3.66,271,,14,1,1,0.0,0.686,38,23,352,iiiiiiiiiiiiiiii,0.0
nocomment,8,dense,8038,308,26.1,7730,22.1,19,1,1,0.0,0.875,282,1730,221312,llllllllllllllllllllllllllllllllllllllllllllllllllllllllllllllll,0.001
nocomment,8,parity,8040,214,37.57,7826,21.6,19,1,1,0.0,0.856,282,1731,221440,llllllllllllllllllllllllllllllllllllllllllllllllllllllllllllllll,0.001
one_two_three,3,dense,142,53,2.68,89,,7,1,1,0.0,0.711,20,28,216,11111111,0.0
one_two_three,3,parity,160,58,2.76,102,,7,1,1,0.0,0.713,19,25,192,11111111,0.0
one_two_three,8,dense,219937,1019,215.84,218918,1548.9,11,1,1,0.0,0.993,4608,80129,10256384,1111111111111111111111111111111111111111111111111111111111111111,0.124
one_two_three,8,parity,222847,1068,208.66,221779,1392.8,11,1,1,0.0,0.993,4608,80489,10302464,1111111111111111111111111111111111111111111111111111111111111111,0.063
packlang,3,dense,535,181,2.96,354,,39,36,28,0.406,0.269,10,63,248,    ,0.0
packlang,3,parity,337,158,2.13,179,,39,24,20,0.332,0.196,6,21,80,    ,0.0
packlang,8,dense,21043,796,26.44,20247,39.3,43,1183,76,0.566,0.435,20,5655,22616,    ,0.001
packlang,8,parity,697,198,3.52,499,2.1,43,49,35,0.354,0.224,6,8,224," ^ 48 Then {
      INCR acc;
   ",0.0
painfuck,3,dense,349,157,2.22,192,,21,1,1,0.0,0.0,0,6,160,uydlahiqbostcuydlahiqbostcuydlah,0.0
painfuck,3,parity,429,204,2.1,225,,21,1,1,0.0,0.0,0,6,160,uydlahiqbostcuydlahiqbostcuydlah,0.0
painfuck,8,dense,4982,1641,3.04,3341,14.3,21,1,1,0.0,0.0,0,23,352,ahiqbostcuydlahi,0.003
painfuck,8,parity,6552,1843,3.56,4709,15.3,21,1,1,0.0,0.0,0,23,352,ahiqbostcuydlahi,0.003
pct_squared_minus_one,3,dense,42,46,0.91,-4,,15,3,3,0.0,0.0,2,2,4,|'i;,0.175
pct_squared_minus_one,3,parity,44,48,0.92,-4,,15,3,3,0.0,0.0,2,0,0,,0.003
pct_squared_minus_one,8,dense,40121,642,62.49,39479,955.3,20,3,3,0.0,0.976,1708,25064,3208064,ssssssssssssssssssssssssssssssssssssssssssssssssssssssssssssssss,0.064
pct_squared_minus_one,8,parity,9029,130,69.45,8899,205.2,19,3,3,0.0,0.987,536,5476,700800,ssssssssssssssssssssssssssssssssssssssssssssssssssssssssssssssss,0.058
point_break,3,dense,164,104,1.58,60,,36,16,16,0.11,0.0,2,13,48,LET ,0.0
point_break,3,parity,292,121,2.41,171,,36,28,19,0.103,0.0,2,25,96,LET ,0.0
point_break,8,dense,12153,579,20.99,11574,74.1,43,1129,39,0.093,0.0,2,984,7864,"
LET s:=",0.001
point_break,8,parity,12640,641,19.72,11999,43.3,43,1174,39,0.093,0.0,2,1024,8184,"
LET s:=",0.001
polynomial,3,dense,6785,3479,1.95,3306,,19,1,1,0.018,0.012,11,33,128,0000,0.004
polynomial,3,parity,10715,5451,1.97,5264,,19,1,1,0.013,0.012,14,49,192,0000,0.001
polynomial,8,dense,3383048,1587678,2.13,1795370,498.6,19,1,1,0.001,0.006,152,141,560,7741,0.376
polynomial,8,parity,92727,44809,2.07,47918,8.7,19,1,1,0.004,0.009,29,311,2480,00000000,0.009
qoibl,3,dense,334,98,3.41,236,,8,10,10,0.287,0.036,4,20,76, ry ,0.0
qoibl,3,parity,633,113,5.6,520,,8,16,13,0.294,0.025,4,48,188, qe ,0.0
qoibl,8,dense,26038,566,46.0,25472,78.0,8,264,142,0.289,0.048,4,861,13760, qe ry ye ry qe ,0.001
qoibl,8,parity,27070,603,44.89,26467,42.8,8,274,147,0.289,0.049,4,896,14320, qe ry ye ry qe ,0.001
ram0,3,dense,99,58,1.71,41,,17,1,1,0.414,0.0,0,7,24, Z A,0.0
ram0,3,parity,165,78,2.12,87,,18,1,1,0.424,0.0,0,9,32, Z A,0.0
ram0,8,dense,5484,771,7.11,4713,55.4,20,1,1,0.409,0.001,4,461,3680, A A A A,0.002
ram0,8,parity,8260,1072,7.71,7188,50.1,20,1,1,0.41,0.0,3,794,6344, A A A A,0.002
rotfuck,3,dense,1707,408,4.18,1299,,8,1,1,0.0,0.0,3,19,288,"[.,<>-+][.,<>-+]",0.0
rotfuck,3,parity,1576,376,4.19,1200,,8,1,1,0.0,0.0,3,19,288,",<>-+][.,<>-+][.",0.0
rotfuck,8,dense,1158946,16892,68.61,1142054,678.9,8,1,1,0.0,0.0,3,4972,636288,",<>]]][.,<>]]][.,<>]]][.,<>]]][.,<>]]][.,<>]]][.,<>]]][.,<>]]][.",0.008
rotfuck,8,parity,1153181,16634,69.33,1136547,731.7,8,1,1,0.0,0.0,3,4968,635776,",<>]]][.,<>]]][.,<>]]][.,<>]]][.,<>]]][.,<>]]][.,<>]]][.,<>]]][.",0.004
sbleq,3,dense,147,75,1.96,72,,12,1,1,0.367,0.0,2,10,36, 0 0,0.0
sbleq,3,parity,255,101,2.52,154,,12,1,1,0.369,0.0,2,22,84,0 0 ,0.0
sbleq,8,dense,6845,1133,6.04,5712,46.6,12,1,1,0.261,0.0,3,525,2096, 159,0.002
sbleq,8,parity,10004,1564,6.4,8440,39.2,12,1,1,0.26,0.0,3,768,3068, 232,0.002
six_five,3,dense,96,45,2.13,51,,11,1,1,0.0,0.573,9,19,72,6666,0.0
six_five,3,parity,182,55,3.31,127,,11,1,1,0.0,0.429,8,30,116,6666,0.0
six_five,8,dense,1437,128,11.23,1309,15.0,12,1,1,0.0,0.646,524,397,50688,3333333333333333333333333333333333333333333333333333333333333333,0.001
six_five,8,parity,278,90,3.09,188,1.5,17,1,1,0.0,0.367,8,40,156,2222,0.001
slow_acv_mammalian,3,dense,48043,259,185.49,47784,,17,1,1,0.198,0.0,2,8024,1026944,SEED SEED SEED SEED SEED SEED SEED SEED SEED SEED SEED SEED SEED,0.001
slow_acv_mammalian,3,parity,44083,257,171.53,43826,,17,1,1,0.197,0.0,2,7310,935552,SEED SEED SEED SEED SEED SEED SEED SEED SEED SEED SEED SEED SEED,0.0
slow_acv_mammalian,8,dense,1672368,6631,252.2,1665737,34.8,17,1,1,0.196,0.0,2,165662,21204608,SEED SEED SEED SEED SEED SEED SEED SEED SEED SEED SEED SEED SEED,0.048
slow_acv_mammalian,8,parity,1679243,6635,253.09,1672608,38.1,17,1,1,0.196,0.0,2,165599,21196544,SEED SEED SEED SEED SEED SEED SEED SEED SEED SEED SEED SEED SEED,0.048
sophie,3,dense,54,36,1.5,18,,11,1,1,0.0,0.0,2,3,8,;@$4,0.0
sophie,3,parity,91,57,1.6,34,,13,1,1,0.0,0.0,2,4,24,{;@$48{#,0.0
sophie,8,dense,1144,257,4.45,887,21.2,18,1,1,0.0,0.03,6,40,312,{;@$48{;,0.0
sophie,8,parity,309,76,4.07,233,3.4,13,1,1,0.0,0.0,2,3,128,{;@$48{#$2}{#$1}}@$1{;@$48{#$21}{#$22}}@$2{;@$48{#$22}{#$21}}@$2,0.0
streetcode,3,dense,683,163,4.19,520,,14,16,16,0.53,0.549,42,101,1600,                ,0.001
streetcode,3,parity,1439,224,6.42,1215,,14,32,32,0.681,0.666,42,373,5952,                ,0.0
streetcode,8,dense,60383,2667,22.64,57716,88.4,14,720,720,0.828,0.766,79,14796,473440,                                ,0.003
streetcode,8,parity,87039,3547,24.54,83492,60.5,14,1024,1024,0.83,0.759,82,21215,678848,                                ,0.003
suffolk,3,dense,763,52,14.67,711,,5,1,1,0.0,0.326,8,24,2944,!>>>>!>>>>!>>>>!>>>>!>>>>!>>>>!>>>>!>>>>!>>>>!>>>>!>>>>!>>>>!>>>,0.0
suffolk,3,parity,875,73,11.99,802,,5,1,1,0.0,0.386,11,24,2944,!>>>>!>>>>!>>>>!>>>>!>>>>!>>>>!>>>>!>>>>!>>>>!>>>>!>>>>!>>>>!>>>,0.0
suffolk,8,dense,32831,1019,32.22,31812,43.0,5,1,1,0.0,0.93,140,6006,384320,>>>>>>>>>>>>>>>>>>>>>>>>>>>>>>>>>>>>>>>>>>>>>>>>>>>>>>>>>>>>>>>>,0.001
suffolk,8,parity,34697,1093,31.74,33604,39.7,5,1,1,0.0,0.932,145,6806,435520,>>>>>>>>>>>>>>>>>>>>>>>>>>>>>>>>>>>>>>>>>>>>>>>>>>>>>>>>>>>>>>>>,0.001
super_snusp,3,dense,101,47,2.15,54,,14,1,1,0.0,0.158,4,8,28,<<{>,0.0
super_snusp,3,parity,59,41,1.44,18,,13,1,1,0.0,0.136,4,3,8,>1<<,0.0
super_snusp,8,dense,7373,462,15.96,6911,73.0,13,1,1,0.0,0.68,9,1350,5396,<<<<,0.001
super_snusp,8,parity,179,61,2.93,118,3.0,13,1,1,0.0,0.436,9,21,80,<<<<,0.0
suptiftam,3,dense,304,149,2.04,155,,33,28,19,0.007,0.0,2,3,32,"=%-[read]22%
dow",0.0
suptiftam,3,parity,700,166,4.22,534,,33,70,22,0.003,0.0,2,8,224,"
mulStep(:p:)if(p)
p=prod
prod=0",0.0
suptiftam,8,dense,40885,645,63.39,40240,134.5,35,4206,37,0.0,0.0,2,861,27520,"
mulStep(:p:)if(p)
p=prod
prod=0",0.001
suptiftam,8,parity,42535,697,61.03,41838,60.8,35,4376,37,0.0,0.0,2,896,28640,"
mulStep(:p:)if(p)
p=prod
prod=0",0.001
taglate,3,dense,451,90,5.01,361,,14,2,2,0.0,0.789,66,35,1088,00000000000000000000000000000000,0.0
taglate,3,parity,451,93,4.85,358,,14,2,2,0.0,0.805,66,35,1088,00000000000000000000000000000000,0.0
taglate,8,dense,5499,226,24.33,5273,12.2,14,2,2,0.0,0.921,1026,1453,185856,eeeeeeeeeeeeeeeeeeeeeeeeeeeeeeeeeeeeeeeeeeeeeeeeeeeeeeeeeeeeeeee,0.0
taglate,8,parity,5499,182,30.21,5317,12.2,14,2,2,0.0,0.921,1026,1453,185856,eeeeeeeeeeeeeeeeeeeeeeeeeeeeeeeeeeeeeeeeeeeeeeeeeeeeeeeeeeeeeeee,0.0
three_d_brainfuck,3,dense,269,56,4.8,213,,8,1,1,0.0,0.77,48,51,1600,--------------------------------,0.0
three_d_brainfuck,3,parity,330,64,5.16,266,,8,1,1,0.0,0.609,48,51,1600,--------------------------------,0.0
three_d_brainfuck,8,dense,3759,266,14.13,3493,14.0,8,1,1,0.0,0.144,48,136,4320,--------------------------------,0.002
three_d_brainfuck,8,parity,4945,148,33.41,4797,15.0,8,1,1,0.0,0.093,48,136,4320,--------------------------------,0.002
three_x,3,dense,303,70,4.33,233,,9,1,1,0.0,0.333,6,41,160,333x,0.0
three_x,3,parity,731,94,7.78,637,,9,1,1,0.0,0.308,6,102,404,333x,0.0
three_x,8,dense,27017,416,64.94,26601,89.2,9,1,1,0.0,0.287,6,3946,15780,333x,0.002
three_x,8,parity,30782,407,75.63,30375,42.1,9,1,1,0.0,0.29,6,4478,17908,333x,0.002
unsquare,3,dense,186,53,3.51,133,,11,1,1,0.0,0.516,24,36,560,++++++++++++++++,0.0
unsquare,3,parity,370,67,5.52,303,,11,1,1,0.0,0.519,24,72,1136,++++++++++++++++,0.0
unsquare,8,dense,8496,289,29.4,8207,45.7,11,1,1,0.0,0.52,24,1656,26480,++++++++++++++++,0.009
unsquare,8,parity,11808,207,57.04,11601,31.9,11,1,1,0.0,0.52,24,2304,36848,++++++++++++++++,0.001
wii2d,3,dense,107,50,2.14,57,,16,4,4,0.187,0.617,48,33,512,++++++++++++++++,0.0
wii2d,3,parity,98,44,2.23,54,,16,4,4,0.173,0.612,48,33,512,++++++++++++++++,0.0
wii2d,8,dense,14908,313,47.63,14595,139.3,23,9,9,0.26,0.966,3750,6867,878848,----------------------------------------------------------------,0.185
wii2d,8,parity,258,68,3.79,190,2.6,21,9,9,0.492,0.62,48,66,520,        ,0.0
ztoalc_l,3,dense,293,142,2.06,151,,23,76,24,0.147,0.154,18,27,104,"



",0.0
ztoalc_l,3,parity,213,126,1.69,87,,23,40,21,0.174,0.075,6,8,28,] = ,0.0
ztoalc_l,8,dense,4429,665,6.66,3764,15.1,25,3130,126,0.059,0.696,297,549,35072,"































































",0.0
ztoalc_l,8,parity,1697,401,4.23,1296,8.0,25,890,85,0.107,0.493,60,422,3368,"







",0.0
